{
  "listaTransferencia": [
    {
      "origen": "60914753-fc6e-4a0f-9547-82a3ef9d74bf",
      "destino": "b6512d65-faca-4d76-bfb1-b30a121c54c0",
      "uniqueID": "636a1e76-9f55-409c-b5b0-162f04754893",
      "monto": 10.0,
      "estado": "PENDIENTE",
      "validaciones": [
        null,
        null,
        null
      ],
      "contador": 0
    },
    {
      "origen": "60914753-fc6e-4a0f-9547-82a3ef9d74bf",
      "destino": "01d836db-7286-44e5-a30f-f690b4bb4436",
      "uniqueID": "0a69c47c-51d2-4b91-91f4-345fc6848616",
      "monto": 10.0,
      "estado": "PENDIENTE",
      "validaciones": [
        null,
        null,
        null
      ],
      "contador": 0
    },
    {
      "origen": "60914753-fc6e-4a0f-9547-82a3ef9d74bf",
      "destino": "65204bfd-39ab-4d63-ad8a-980348812570",
      "uniqueID": "52ee1eb1-1bbe-4653-addd-17ef614693f9",
      "monto": 15.0,
      "estado": "PENDIENTE",
      "validaciones": [
        null,
        null,
        null
      ],
      "contador": 0
    },
    {
      "origen": "01d836db-7286-44e5-a30f-f690b4bb4436",
      "destino": "60914753-fc6e-4a0f-9547-82a3ef9d74bf",
      "uniqueID": "a30bb01f-c2a3-42c7-8244-955c94ae41e5",
      "monto": 25.0,
      "estado": "PENDIENTE",
      "validaciones": [
        null,
        null,
        null
      ],
      "contador": 0
    },
    {
      "origen": "c1de327b-b0cc-4318-b4cf-78db18172e9f",
      "destino": "1021f9e5-0dcc-4bcf-a1c5-e71b67e55314",
      "uniqueID": "e80fec1d-face-40f9-9b5a-fad138fe8c3f",
      "monto": 12.0,
      "estado": "PENDIENTE",
      "validaciones": [
        null,
        null,
        null
      ],
      "contador": 0
    },
    {
      "origen": "ee3c1b09-e41f-4692-93dd-8a5eb9e83a4c",
      "destino": "c421d639-649a-40a5-a34b-cd7414d14881",
      "uniqueID": "67194e3e-f60e-4f0c-aa29-205aa67924cb",
      "monto": 8.0,
      "estado": "PENDIENTE",
      "validaciones": [
        null,
        null,
        null
      ],
      "contador": 0
    },
    {
      "origen": "07a50589-c65f-4260-a94a-fe467cb93df8",
      "destino": "5af929e8-e08d-460e-8cbb-048e2c7603e0",
      "uniqueID": "222ad053-e147-4be6-b683-5fa34b132000",
      "monto": 54.0,
      "estado": "PENDIENTE",
      "validaciones": [
        null,
        null,
        null
      ],
      "contador": 0
    },
    {
      "origen": "604d8a2f-e0c1-44c6-b3f2-527084f00d09",
      "destino": "26469a45-b911-4a8a-81cb-7aa69ea66791",
      "uniqueID": "8688930f-c24f-4238-863a-0d0e33c4e6b2",
      "monto": 25.0,
      "estado": "PENDIENTE",
      "validaciones": [
        null,
        null,
        null
      ],
      "contador": 0
    },
    {
      "origen": "26469a45-b911-4a8a-81cb-7aa69ea66791",
      "destino": "07a50589-c65f-4260-a94a-fe467cb93df8",
      "uniqueID": "5a0a00aa-974e-45d0-8299-1bcac0faaa4f",
      "monto": 20.0,
      "estado": "PENDIENTE",
      "validaciones": [
        null,
        null,
        null
      ],
      "contador": 0
    }
  ]
}