{
  "mapUsuario": {
    "juanlopez@gmail.com": {
      "nombre": "Juan",
      "apellido": "Lopez",
      "email": "juanlopez@gmail.com",
      "password": "juanjol",
      "birthYear": 1989,
      "uuidCodigo": "90bbc6d6-f93d-4ad7-b356-eeb17cb14bd9",
      "utnCoins": 100.0
    },
    "javib@gmail.com": {
      "nombre": "Javier",
      "apellido": "Betucci",
      "email": "javib@gmail.com",
      "password": "javitob",
      "birthYear": 1987,
      "uuidCodigo": "01d836db-7286-44e5-a30f-f690b4bb4436",
      "utnCoins": 75.0
    },
    "leotosoni@gmail.com": {
      "nombre": "Leonardo",
      "apellido": "Tosoni",
      "email": "leotosoni@gmail.com",
      "password": "leonardo33",
      "birthYear": 1988,
      "uuidCodigo": "60914753-fc6e-4a0f-9547-82a3ef9d74bf",
      "utnCoins": 65.0
    },
    "jwdancer@gmail.com": {
      "nombre": "Justin",
      "apellido": "White",
      "email": "jwdancer@gmail.com",
      "password": "tutinblanco]",
      "birthYear": 1998,
      "uuidCodigo": "11e388e3-dbff-481c-ab79-3d801d94aa91",
      "utnCoins": 100.0
    },
    "orlibloom@gmail.com": {
      "nombre": "Orlando",
      "apellido": "Bloom",
      "email": "orlibloom@gmail.com",
      "password": "orlandos",
      "birthYear": 1999,
      "uuidCodigo": "c1de327b-b0cc-4318-b4cf-78db18172e9f",
      "utnCoins": 88.0
    },
    "carlac@gmail.com": {
      "nombre": "Carla",
      "apellido": "Coronel",
      "email": "carlac@gmail.com",
      "password": "coroneldance",
      "birthYear": 1968,
      "uuidCodigo": "3ee500dd-9667-4123-b47d-0224535e411c",
      "utnCoins": 67.0
    },
    "carimaldi@yahoo.com": {
      "nombre": "Carina",
      "apellido": "Maldi",
      "email": "carimaldi@yahoo.com",
      "password": "carimal",
      "birthYear": 1982,
      "uuidCodigo": "4f8356f8-5aa1-4788-ab0d-236a4c7f158a",
      "utnCoins": 133.0
    },
    "brenmalgor@gmail.com": {
      "nombre": "Brenda",
      "apellido": "Malgor",
      "email": "brenmalgor@gmail.com",
      "password": "brenduchi",
      "birthYear": 1989,
      "uuidCodigo": "ee3c1b09-e41f-4692-93dd-8a5eb9e83a4c",
      "utnCoins": 92.0
    },
    "juanjol@gmail.com": {
      "nombre": "Mario",
      "apellido": "Lopez",
      "email": "juanjol@gmail.com",
      "password": "marioj",
      "birthYear": 1987,
      "uuidCodigo": "2f262193-8c09-4aa5-a97c-227ee9fe0859",
      "utnCoins": 100.0
    },
    "collink@yahoo.com": {
      "nombre": "Collin",
      "apellido": "Kampoy",
      "email": "collink@yahoo.com",
      "password": "collinkamp",
      "birthYear": 2001,
      "uuidCodigo": "c421d639-649a-40a5-a34b-cd7414d14881",
      "utnCoins": 100.0
    },
    "susimansur@gmail.com": {
      "nombre": "Susana",
      "apellido": "Mansur",
      "email": "susimansur@gmail.com",
      "password": "susimansur",
      "birthYear": 1955,
      "uuidCodigo": "f083c3bb-3748-4d6f-9605-7a75381b0af8",
      "utnCoins": 100.0
    },
    "aragonzalez@gmail.com": {
      "nombre": "Araceli",
      "apellido": "Gonzalez",
      "email": "aragonzalez@gmail.com",
      "password": "araceli11",
      "birthYear": 1995,
      "uuidCodigo": "1021f9e5-0dcc-4bcf-a1c5-e71b67e55314",
      "utnCoins": 100.0
    },
    "elcuervo@gmail.com": {
      "nombre": "Marcelo",
      "apellido": "Tinelli",
      "email": "elcuervo@gmail.com",
      "password": "showmatch",
      "birthYear": 1954,
      "uuidCodigo": "07a50589-c65f-4260-a94a-fe467cb93df8",
      "utnCoins": 46.0
    },
    "danilitz@yahoo.com": {
      "nombre": "Daniel",
      "apellido": "Litz",
      "email": "danilitz@yahoo.com",
      "password": "litzdani",
      "birthYear": 1985,
      "uuidCodigo": "35c8a132-61e4-4613-940c-7572768e9cc6",
      "utnCoins": 100.0
    },
    "pbetular@yahoo.com": {
      "nombre": "Pablo",
      "apellido": "Betular",
      "email": "pbetular@yahoo.com",
      "password": "pablito12",
      "birthYear": 1978,
      "uuidCodigo": "03a6e4e9-33d2-48c2-84b2-df19c7fdc1ff",
      "utnCoins": 100.0
    },
    "matutem@gmail.com": {
      "nombre": "Martin",
      "apellido": "Matute",
      "email": "matutem@gmail.com",
      "password": "matimati",
      "birthYear": 1994,
      "uuidCodigo": "5af929e8-e08d-460e-8cbb-048e2c7603e0",
      "utnCoins": 100.0
    },
    "mromero@gmail.com": {
      "nombre": "Martin",
      "apellido": "Romero",
      "email": "mromero@gmail.com",
      "password": "romero20",
      "birthYear": 1973,
      "uuidCodigo": "604d8a2f-e0c1-44c6-b3f2-527084f00d09",
      "utnCoins": 75.0
    },
    "barbiluro@gmail.com": {
      "nombre": "Barbara",
      "apellido": "Luro",
      "email": "barbiluro@gmail.com",
      "password": "barbiboca",
      "birthYear": 1987,
      "uuidCodigo": "26469a45-b911-4a8a-81cb-7aa69ea66791",
      "utnCoins": 80.0
    },
    "mariolopez@gmail.com": {
      "nombre": "Mario",
      "apellido": "Lopez",
      "email": "mariolopez@gmail.com",
      "password": "marito1",
      "birthYear": 1962,
      "uuidCodigo": "1f3207bf-b6b5-468b-bfcf-34da43de78c6",
      "utnCoins": 100.0
    },
    "susigimenez@gmail.com": {
      "nombre": "Susana",
      "apellido": "Gimenez",
      "email": "susigimenez@gmail.com",
      "password": "lasugimenez",
      "birthYear": 1942,
      "uuidCodigo": "65204bfd-39ab-4d63-ad8a-980348812570",
      "utnCoins": 100.0
    },
    "genabrady@gmail.com": {
      "nombre": "Gena",
      "apellido": "Brady",
      "email": "genabrady@gmail.com",
      "password": "genavieve",
      "birthYear": 1996,
      "uuidCodigo": "b6512d65-faca-4d76-bfb1-b30a121c54c0",
      "utnCoins": 100.0
    }
  }
}